channel,classification,,,,,
Saturday Night Live,TM,,,,,
CrazyRussianHacker,YT,,,,,
20th Century Fox,TR,,,,,
Vox,TM,,,,,
NFL,TM,,,,,
amc,TM,,,,,
marshmello,MU,,,,,
NowThis World,TM,,,,,
The king of DIY,YT,,,,,
BostonDynamics,YT,,,,,
Cracked,YT,,,,,
TED-Ed,YT,,,,,
PeterSripol,YT,,,,,
SciShow,YT,,,,,
Life Noggin,YT,,,,,
Tested,YT,,,,,
Tom Scott,YT,,,,,
Refinery29,TM,,,,,
Gus Johnson,YT,,,,,
HellthyJunkFood,YT,,,,,
Numberphile,YT,,,,,
JerryRigEverything,YT,,,,,
Cleveland Cavaliers on cleveland.com,TM,,,,,
FaeryInLoveInc,CV,,,,,
hp_overload,CO,,,,,
Amazon.co.uk,CO,,,,,
EminemVEVO,MU,,,,,
officer401,YT,,,,,
Emirates,CO,,,,,
Nobrand,YT,,,,,
Screen Junkies,YT,,,,,
Hunter Hayes,MU,,,,,
Niki and Gabi,YT,,,,,
Nickelback,MU,,,,,
U2VEVO,MU,,,,,
BBC News,TM,,,,,
Ben Rohrbach,CV,,,,,
MatthewSantoro,YT,,,,,
Shawn Johnson East,YT,,,,,
dope2111,YT,,,,,
People are Awesome,YT,,,,,
NBA Highlights В· YouTube,TM,,,,,
D3sports.com,TR,,,,,
FBE,YT,,,,,
Simply Nailogical,YT,,,,,
CBS Sunday Morning,TM,,,,,
WWE,TM,,,,,
JenniferLopezVEVO,MU,,,,,
Grace Helbig,TM,,,,,
The Graham Norton Show,TM,,,,,
Kevin Durant,TM,,,,,
JimBrowski 96HourNews,YT,,,,,
ViralHog,YT,,,,,
Jeremy Jahns,YT,,,,,
Jonathan Morrison,YT,,,,,
TIME,TM,,,,,
YouTube Spotlight,YT,,,,,
GEazyMusicVEVO,MU,,,,,
U.S. Navy,CO,,,,,
IGN,TM,,,,,
Safiya Nygaard,YT,,,,,
Lele Pons,YT,,,,,
INSIDER,TM,,,,,
John Lewis,CO,,,,,
Ed Sheeran,MU,,,,,
Sara Dietschy,YT,,,,,
MeganBatoon,YT,,,,,
John Campea,YT,,,,,
fosterthepeopleVEVO,MU,,,,,
Watch What Happens Live with Andy Cohen,TM,,,,,
Mayo Clinic,CO,,,,,
Jason Derulo,MU,,,,,
The Late Late Show with James Corden,TM,,,,,
cocheusadoooo,CV,,,,,
Amber Scholl,YT,,,,,
John Maclean,YT,,,,,
Bon AppГ©tit,YT,,,,,
ABC News,TM,,,,,
mayratouchofglam,YT,,,,,
BuzzFeed Celeb,TM,,,,,
Zero Media,TR,,,,,
CMAVEVO,MU,,,,,
Alan Walker,MU,,,,,
SUPERFRUIT,MU,,,,,
Saint Louis Chess Club,YT,,,,,
ABC Television Network,TM,,,,,
Animal Adventure Park,YT,,,,,
HowToBasic,YT,,,,,
CinemaSins,YT,,,,,
kimbramusic,MU,,,,,
Capital FM,MU,,,,,
Hope For Paws - Official Rescue Channel,YT,,,,,
IISuperwomanII,YT,,,,,
Hopeless Records,MU,,,,,
Rachel and Jun,YT,,,,,
BBC Music,MU,,,,,
Late Night with Seth Meyers,TM,,,,,
H&M,CO,,,,,
CamilaCabelloVEVO,MU,,,,,
Liza Koshy,YT,,,,,
TheEllenShow,TM,,,,,
clothesencounters,YT,,,,,
FoxSearchlight,TR,,,,,
LukeBryanVEVO,MU,,,,,
NiallHoranVEVO,MU,,,,,
empireofthesunvevo,MU,,,,,
NFVEVO,MU,,,,,
Marques Brownlee,YT,,,,,
Atlantic Records,MU,,,,,
MsAaliyahJay,YT,,,,,
Danny Sapko,CV,,,,,
Vogue,TM,,,,,
Michelle Khare,YT,,,,,
Full Frontal with Samantha Bee,TM,,,,,
Nicole Guerriero,YT,,,,,
The Late Show with Stephen Colbert,TM,,,,,
Jimmy Kimmel Live,TM,,,,,
SuperCarlinBrothers,YT,,,,,
SiaVEVO,MU,,,,,
Business Insider,TM,,,,,
2CELLOS,MU,,,,,
theneedledrop,YT,,,,,
Simon's Cat,YT,,,,,
Andy Grammer,MU,,,,,
RemyMaVEVO,MU,,,,,
Nintendo,TR,,,,,
Dina Tokio,YT,,,,,
Team Coco,TM,,,,,
PitbullVEVO,MU,,,,,
Late Show with David Letterman,TM,,,,,
Alicia Keys,MU,,,,,
ElbowVEVO,MU,,,,,
MDNA SKIN,CO,,,,,
poofables,CV,,,,,
SigridVEVO,MU,,,,,
MOMOMOYOUTHVEVO,MU,,,,,
TheScriptVEVO,MU,,,,,
Brothers Green Eats,YT,,,,,
Netflix,CO,,,,,
Abroad in Japan,YT,,,,,
Tucker Gott,YT,,,,,
Nahre Sol,YT,,,,,
ThirtySecondsToMarsVEVO,MU,,,,,
HarryStylesVEVO,MU,,,,,
Wong Fu Productions,YT,,,,,
Keith Urban,MU,,,,,
Maroon5VEVO,MU,,,,,
X Factor Italia,TM,,,,,
Tyler Williams,YT,,,,,
Stewart Brand,CV,,,,,
Chris and Jack,YT,,,,,
The School of Life,YT,,,,,
E! Entertainment,TM,,,,,
Whitney Port,YT,,,,,
90s Commercials,YT,,,,,
Breakfast Club Power 105.1 FM,TM,,,,,
Enter Shikari,MU,,,,,
Caterham Cars,CV,,,,,
PostmodernJukebox,MU,,,,,
PinkVEVO,MU,,,,,
Tamar Chronicles,TM,,,,,
Kitten Lady,YT,,,,,
Guinness World Records,TM,,,,,
Blockbuster,CO,,,,,
TrainVEVO,MU,,,,,
Christen Dominique,YT,,,,,
James Charles,YT,,,,,
FreeDawkins,TM,,,,,
The Infographics Show,YT,,,,,
Jenny Hanell,CV,,,,,
PetaPixel,YT,,,,,
RM Videos,YT,,,,,
BrianJustinCrum,MU,,,,,
CupcakeJemma,YT,,,,,
Anaki Abo,CV,,,,,
Katy Perry,MU,,,,,
I'm With Her,MU,,,,,
Zoella,YT,,,,,
Storyful News,TM,,,,,
Tu Fan,CV,,,,,
MyHarto,YT,,,,,
Chicago Sun-Times,TM,,,,,
PhilPhillipsVEVO,MU,,,,,
Tati,YT,,,,,
Ozuna,MU,,,,,
Madelaine Petsch,TM,,,,,
Steve Kovach,CV,,,,,
ESPN,TM,,,,,
LetsGoWarriors,TM,,,,,
KSNV News 3 Las Vegas,TM,,,,,
Sailor J,YT,,,,,
WIRED,TM,,,,,
HiHo Kids,CO,,,,,
ElectroBOOM,YT,,,,,
Brent Pella,TM,,,,,
Cards Against Humanity,CO,,,,,
The Slow Mo Guys,YT,,,,,
TechSmartt,YT,,,,,
JunsKitchen,YT,,,,,
Attaullah Malik,CV,,,,,
The Tonight Show Starring Jimmy Fallon,TM,,,,,
Anwar Jibawi,YT,,,,,
Washington Post,TM,,,,,
Dolan Twins,YT,,,,,
Jackie Aina,YT,,,,,
TV Promos,TR,,,,,
Taylor Swift,MU,,,,,
ProZD,YT,,,,,
REACT,YT,,,,,
First We Feast,YT,,,,,
Brian Hull,YT,,,,,
William Osman,YT,,,,,
Access Hollywood,TM,,,,,
emma chamberlain,YT,,,,,
Now You See It,YT,,,,,
Dancing With The Stars,TM,,,,,
Summit,YT,,,,,
reputationswift,MU,,,,,
DunkFest,YT,,,,,
Cut,YT,,,,,
The Scran Line,YT,,,,,
MattMasonPhotography,YT,,,,,
Vanity Fair,TM,,,,,
Red Bull,CO,,,,,
BBCRadio1VEVO,MU,,,,,
Mark Ferris,YT,,,,,
todrickhall,MU,,,,,
Donut Media,YT,,,,,
Eater,YT,,,,,
HANSON,MU,,,,,
Frank May,CV,,,,,
NBA on ESPN,TM,,,,,
SIRAH,MU,,,,,
ScreenPrism,TM,,,,,
Valk Aviation,CV,,,,,
Shantell Martin,TM,,,,,
Gregg Peterson,CV,,,,,
EstГ©e Lalonde,CO,,,,,
Canada Soccer,TM,,,,,
WLKY News Louisville,TM,,,,,
The Office US,TM,,,,,
Entertainment Weekly,TM,,,,,
12 News,TM,,,,,
Bkav Corp,YT,,,,,
Daelric,YT,,,,,
"monday.com, formerly dapulse",CO,,,,,
GQ,TM,,,,,
TMZSports,TM,,,,,
Caters Clips,CO,,,,,
You Suck At Cooking,YT,,,,,
Tanner Braungardt,YT,,,,,
iHasCupquake,YT,,,,,
FallOutBoyVEVO,MU,,,,,
alt-J,MU,,,,,
Demi Lovato,MU,,,,,
Matthias,YT,,,,,
Movie Munchies,YT,,,,,
Fueled By Ramen,MU,,,,,
Mental Floss,YT,,,,,
Pixielocks,YT,,,,,
SHOWTIME Sports,TM,,,,,
Cody'sLab Backup,YT,,,,,
Paramount Pictures,TR,,,,,
Atlanta Hawks,TM,,,,,
NBA,TM,,,,,
ColliderVideos,TM,,,,,
Jenny Nicholson,YT,,,,,
Big Cat Rescue,YT,,,,,
RachelPlattenVEVO,MU,,,,,
standupmaths,YT,,,,,
Wendy Williams,TM,,,,,
VICE,TM,,,,,
BBC Earth,TM,,,,,
BBC Radio 1,TM,,,,,
Rappler,TM,,,,,
Sarasota Police Department,TM,,,,,
Vostok.bike,CO,,,,,
GoDucksdotcom,TM,,,,,
Hybrid Network,YT,,,,,
Mark Linsangan,CO,,,,,
LOFTON SHAW,CV,,,,,
BellatorMMA,TM,,,,,
New Scientist,TM,,,,,
Warner Bros. Pictures,TR,,,,,
LuisFonsiVEVO,MU,,,,,
Kurzgesagt вЂ“ In a Nutshell,YT,,,,,
ibighit,MU,,,,,
jacksfilms,YT,,,,,
The Talk,TM,,,,,
Austin Evans,YT,,,,,
The Verge,TM,,,,,
MariahCareyVEVO,MU,,,,,
CollegeHumor,YT,,,,,
MassLive,TM,,,,,
Klossy,TM,,,,,
BjГ¶rk,MU,,,,,
DJSnakeVEVO,MU,,,,,
Butch Hartman,TM,,,,,
It's Okay To Be Smart,YT,,,,,
Major Lazer,MU,,,,,
Dua Lipa,MU,,,,,
Philadelphia 76ers,TM,,,,,
Jessii Vee,YT,,,,,
The Orchard Movies,TR,,,,,
Shmee150,CO,,,,,
TODAY,TM,,,,,
Eric Strebel,YT,,,,,
Auralnauts,YT,,,,,
60 Minutes,TM,,,,,
ChrisStapletonVEVO,MU,,,,,
vlogbrothers,YT,,,,,
SMTOWN,MU,,,,,
Green Day,MU,,,,,
HaileeSteinfeldVEVO,MU,,,,,
AsapSCIENCE,YT,,,,,
K Yuen,TM,,,,,
Half as Interesting,YT,,,,,
RealLifeLore,YT,,,,,
Ultra Music,MU,,,,,
Shade 45,TM,,,,,
The Real Daytime,TM,,,,,
Matthias Wandel,YT,,,,,
Lauren Elizabeth,YT,,,,,
TimandFaithVEVO,MU,,,,,
Funny Or Die,YT,,,,,
Mayim Bialik,TM,,,,,
Lauv,MU,,,,,
Ranz Kyle,MU,,,,,
NBC News,TM,,,,,
Matt Steffanina,YT,,,,,
MisterWivesVEVO,MU,,,,,
YBF Chic,CV,,,,,
littleBits Electronics,CO,,,,,
Audience Network,TR,,,,,
Hot Dad,YT,,,,,
DisneyвЂўPixar,TR,,,,,
SelenaGomezVEVO,MU,,,,,
Rosanna Pansino,YT,,,,,
Thomas Sanders,YT,,,,,
CrashRacing,YT,,,,,
Tasty,YT,,,,,
Nile Wilson,YT,,,,,
AnthonyPadilla,YT,,,,,
Rclbeauty101,YT,,,,,
Maddie Ziegler,TM,,,,,
Good Morning Britain,TM,,,,,
ToveLoVEVO,MU,,,,,
ImagineDragonsVEVO,MU,,,,,
ChloexHalleVEVO,MU,,,,,
NARLtv,CV,,,,,
Video Library,CV,,,,,
Single Shot,CV,,,,,
FlyFastandLow,YT,,,,,
Tegan and Sara,MU,,,,,
daronjay,YT,,,,,
Taras Malyar,N/A,"Deleted video, can't find account",,,,
astroboy1960,CV,,,,,
Quad9 DNS,CV,,,,,
GinWigmoreVEVO,MU,,,,,
1theK (м›ђлЌ”мјЂмќґ),MU,,,,,
Topi The Corgi,YT,,,,,
Disney Movie Trailers,TR,,,,,
Dwarf Mamba,YT,,,,,
Kitchen Nightmares,TM,,,,,
Just Wow me,YT,,,,,
ladygagaarraza,MU,,,,,
HBO,TM,,,,,
mvt.ias,N/A,Deleted account,,,,
AIA awards,CO,,,,,
Taylor Nicole Dean,YT,,,,,
USA TODAY,TM,,,,,
NOLA.com,TM,,,,,
BuzzFeed Nifty,TM,,,,,
Sam Chui,YT,,,,,
Tech Insider,TM,,,,,
MiguelVEVO,MU,,,,,
Tamika Hall,YT,,,,,
Matoma,MU,,,,,
JessieJVEVO,MU,,,,,
ParsonJamesVEVO,MU,,,,,
Maggie Lindemann,MU,,,,,
Kevin Rabatin,CV,,,,,
FRANKIEmusicVEVO,MU,,,,,
Radovan Lazic,MU,,,,,
Duston Ward,YT,,,,,
Entertainment Tonight,TM,,,,,
Smosh,YT,,,,,
Bruno Mars,MU,,,,,
The Weather Channel,TM,,,,,
The View,TM,,,,,
ExplosmEntertainment,TM,,,,,
The Grand Tour,TM,,,,,
slaymeclarkson c:,MU,,,,,
Veritasium,YT,,,,,
Josh Groban,MU,,,,,
Billboard,MU,,,,,
How to DAD,YT,,,,,
hudsonunionsociety,TM,,,,,
WildTurkeyBourbon,CO,,,,,
Simon and Martina,YT,,,,,
AlishaMarie,YT,,,,,
Fleur DeForce,YT,,,,,
David Sistaro,CV,,,,,
Passenger,MU,,,,,
Mashed,TR,,,,,
emmymadeinjapan,YT,,,,,
JoergSprave,YT,,,,,
Leroy Sanchez,MU,,,,,
Rob Andretti,CV,,,,,
Lindsey Stirling,MU,,,,,
Tom Stanton,YT,,,,,
Polyphonic,YT,,,,,
Freeform,TM,,,,,
Binging with Babish,CV,,,,,
CBS This Morning,TM,,,,,
Peter McKinnon,YT,,,,,
The Voice,TM,,,,,
Hannah Stocking,TM,,,,,
Wendover Productions,YT,,,,,
Inanna Sarkis,YT,,,,,
ShawnMendesVEVO,MU,,,,,
NASA Jet Propulsion Laboratory,TM,,,,,
Tyler Oakley,YT,,,,,
Buttered Side Down,YT,,,,,
Doug Jones for Senate,TM,,,,,
YTN NEWS,TM,,,,,
ConnorFranta,YT,,,,,
Alex Gilbert,YT,,,,,
Colleen Vlogs,YT,,,,,
CNN,TM,,,,,
Bob Przybylo,CV,,,,,
Marie McGann,CV,,,,,
Useless Duck Company,CV,,,,,
Adult Swim,TM,,,,,
Philip DeFranco,YT,,,,,
The King of Random,YT,,,,,
Carla Resendiz,CV,,,,,
UrAvgConsumer,YT,,,,,
Sufficiently Advanced,YT,,,,,
DemiLovatoVEVO,MU,,,,,
LadyGagaVEVO,MU,,,,,
Brat,TM,,,,,
Kandee Johnson,YT,,,,,
Nerdwriter1,YT,,,,,
CAguileraVEVO,MU,,,,,
Looper,YT,,,,,
Miranda Sings,YT,,,,,
Eva Lunde Bentley,CV,,,,,
PTXofficial,MU,,,,,
The Deal Guy,TM,,,,,
Yes Theory,YT,,,,,
DreamCastle_629,CV,,,,,
The Tommy Edison Experience,YT,,,,,
MyLifeAsEva,YT,,,,,
lara6683,YT,,,,,
Zendaya,MU,,,,,
adidas Football,CO,,,,,
ScreenJunkies News,YT,,,,,
Portugal. The Man,MU,,,,,
chris lee,YT,,,,,
Kelly Clarkson,MU,,,,,
How To Cake It,YT,,,,,
The Hollywood Reporter,TM,,,,,
NickJonasVEVO,MU,,,,,
CBS Miami,TM,,,,,
Voicebot,CV,,,,,
The Sports King,CV,,,,,
John Sellars,CV,,,,,
E! News,TM,,,,,
The Current Source,CV,,,,,
HACKADAY,YT,,,,,
Taylor Alexander,CV,,,,,
Apple,CO,,,,,
TheBackyardScientist,YT,,,,,
PB Comps,TM,,,,,
Royal Academy of Arts,TM,,,,,
Spectrum Haleskarth,CV,,,,,
Milkmen Design,CV,,,,,
Masters Of The Sun,MU,,,,,
bigclivedotcom,YT,,,,,
RAP DAILY,MU,,,,,
OK Go,MU,,,,,
Verizon,CO,,,,,
ELLEUKTV,CO,,,,,
DisneyMusicVEVO,MU,,,,,
Kanimuna Kisaka,N/A,Deleted account,,,,
BehindTheSounds,CV,,,,,
It's a small world,MU,,,,,
ELLE,TM,,,,,
Casually Explained,YT,,,,,
ThreadBanger,YT,,,,,
grav3yardgirl,YT,,,,,
BuzzFeedVideo,TM,,,,,
Lane Anderson,CV,,,,,
AmazingPhil,YT,,,,,
Simone Giertz,YT,,,,,
Laura in the Kitchen,YT,,,,,
Hevesh5,YT,,,,,
Anew Start,CV,,,,,
Ingrid Nilsen,YT,,,,,
Unique Vibes,MU,,,,,
EverythingApplePro,YT,,,,,
Pitch Perfect,TM,,,,,
HARRY,MU,,,,,
Turbo Conquering Mega Eagle,YT,,,,,
flirppy242,CV,,,,,
JonTronShow,YT,,,,,
Dorkly,TM,,,,,
Guardian News,TM,,,,,
Markiplier,YT,,,,,
FOX Sports,TM,,,,,
Marvel Entertainment,TR,,,,,
Miss Universe,TM,,,,,
NZPoliceRecruitment,CO,,,,,
Bethany Mota,YT,,,,,
Tina Nguyen,YT,,,,,
AmandaMoor & Craft Ideas,TM,,,,,
Sesame Street,TM,,,,,
Cloth Map,CV,,,,,
Gatorade,CO,,,,,
Srinath .S,CV,,,,,
The White House,TM,,,,,
Ellie and Jared,YT,,,,,
Doug DeMuro,YT,,,,,
Unbox Therapy,YT,,,,,
Just Between Us,YT,,,,,
Cam'ron,MU,,,,,
The X Factor UK,TM,,,,,
CFL Insider,TM,,,,,
Technomanila,YT,,,,,
West Midlands Police,CV,,,,,
David Steuer,CV,,,,,
CS Dojo,YT,,,,,
AFP news agency,TM,,,,,
I Like To Make Stuff,YT,,,,,
Plasma Channel,YT,,,,,
CalumScottVEVO,MU,,,,,
Liam Gallagher,MU,,,,,
Marco Reps,YT,,,,,
Bravo,TM,,,,,
Linkin Park,MU,,,,,
toofacedcosmetics,CO,,,,,
Epicurious,TM,,,,,
Sevdaliza,MU,,,,,
shane,YT,,,,,
Munchies,TM,,,,,
Variety,TM,,,,,
Good Morning America,TM,,,,,
KaneBrownVEVO,MU,,,,,
Molly Burke,YT,,,,,
Grandpa Kitchen,YT,,,,,
ElleOfTheMills,YT,,,,,
Mike Boyd,YT,,,,,
DamonAndJo,YT,,,,,
Wassabi Productions,YT,,,,,
Clevver News,TM,,,,,
Darren Criss,MU,,,,,
ANDREW HUANG,YT,,,,,
Steve TV Show,TM,,,,,
Great Big Story,TM,,,,,
legofreedom1,YT,,,,,
Loudwire,TM,,,,,
SiriusXM,TM,,,,,
Apple Support,CO,,,,,
HQVideoDude,MU,,,,,
Teen Vogue,TM,,,,,
Lucy Moon,YT,,,,,
Applied Science,YT,,,,,
Why Don't We,MU,,,,,
geicocaveman2012,CV,,,,,
Maker's Box,CV,,,,,
shurap,YT,,,,,
SupremeSounds,MU,,,,,
Context Information Security,CV,,,,,
Lamborghini,CO,,,,,
Beats by Dre,CO,,,,,
Snapchat,CO,,,,,
Mark Rober,YT,,,,,
Sony Pictures Entertainment,TR,,,,,
SamSmithWorldVEVO,MU,,,,,
Kylie Cosmetics,CO,,,,,
The Telegraph,TM,,,,,
Trailers Promos Teasers,TR,,,,,
HollywoodLife,TM,,,,,
BUILD Series,TM,,,,,
Andre Black Nerd,YT,,,,,
NitroV2,CV,,,,,
Omeleto,TR,,,,,
Mashable Daily,TM,,,,,
Feelunique,CO,,,,,
The New Yorker,TM,,,,,
TiffyQuake,YT,,,,,
David Jardine,CV,,,,,
The Royal Family Channel,TM,,,,,
Rainsford,MU,,,,,
Billboard News,TM,,,,,
The Cuddle Squad,CV,,,,,
Define American,TM,,,,,
Chriselle Lim,YT,,,,,
MrNorrisVideos,TM,,,,,
РўРЎРќ,TM,,,,,
SiggasNationв„ў,CO,,,,,
The New York Times,TM,,,,,
Anna Akana,YT,,,,,
Alesso,MU,,,,,
The Dodo,TM,,,,,
colinfurze,YT,,,,,
Corinne Leigh,YT,,,,,
Beyond The Trailer,TR,,,,,
Glam&Gore,YT,,,,,
CYNVEVO,MU,,,,,
The Official PokГ©mon YouTube Channel,CO,,,,,
WTHR,TM,,,,,
Millie T,YT,,,,,
Google,CO,,,,,
"One List , One Life",YT,,,,,
Focus Features,TR,,,,,
Galantis,MU,,,,,
POPSUGAR,TM,,,,,
DraftExpress,YT,,,,,
NASA,TM,,,,,
truTV,TM,,,,,
Mnet K-POP,MU,,,,,
Inside Edition,TM,,,,,
TheJuicyJVEVO,MU,,,,,
5FDPVEVO,MU,,,,,
Shoshana Bean,YT,,,,,
Open Road Films,TR,,,,,
Martin Garrix,MU,,,,,
How To Cook That,YT,,,,,
Itzztonytony,CV,,,,,
JOLLY,YT,,,,,
LissieVEVO,MU,,,,,
PrettyMuchVEVO,MU,,,,,
FIFATV,TM,,,,,
TBS,TM,,,,,
cgriesemer,CV,,,,,
Genius,TM,,,,,
Flash Rahbbit,CV,,,,,
Charles Chan,CV,,,,,
Science vs Cinema,YT,,,,,
Wengie,YT,,,,,
Mr. Kate,YT,,,,,
гѓЇгѓјгѓЉгѓј гѓ–гѓ©г‚¶гѓјг‚№ е…¬ејЏгѓЃгѓЈгѓігѓЌгѓ«,TR,,,,,
communitychannel,YT,,,,,
Star Wars,TM,,,,,
Arden Rose,YT,,,,,
Mike Diva,YT,,,,,
JamesAVEVO,MU,,,,,
Tessa Violet,MU,,,,,
kmichelle,MU,,,,,
Complex,TM,,,,,
MOBO Awards,TM,,,,,
Maggie Smith KГјhn,CV,,,,,
Pies Are Awesome,CV,,,,,
Facelesstech,YT,,,,,
Ross Kempsell,YT,,,,,
5-Minute Crafts,TM,,,,,
BuzzFeedBlue,TM,,,,,
The Food Ranger,YT,,,,,
"European Space Agency, ESA",TM,,,,,
Be Amazed,YT,,,,,
MГЎquina Voadora,YT,,,,,
Tom Daley,YT,,,,,
This Morning,TM,,,,,
Xscape - Topic,MU,,,,,
SB Nation,TM,,,,,
First Aid Kit,MU,,,,,
The University of Chicago,TM,,,,,
Vote The Process,CV,,,,,
RackaRacka,YT,,,,,
QUARTZ,TM,,,,,
razzark666,CV,,,,,
Skelly Robot,CV,,,,,
LIL UZI VERT,MU,,,,,
Universal Pictures,TR,,,,,
5MadMovieMakers,YT,,,,,
Victoria's Secret,CO,,,,,
TMZ,TM,,,,,
GraceVanderWaalVEVO,MU,,,,,
Pac-12 Networks,TM,,,,,
Big Ten Network,TM,,,,,
PBS NewsHour,TM,,,,,
Shay Mitchell,YT,,,,,
Car Commercials of the Past,YT,,,,,
Boldly,TM,,,,,
Gigi Gorgeous,YT,,,,,
AlmazanKitchen,YT,,,,,
PrincessPiaMiaVEVO,MU,,,,,
Dude Perfect,YT,,,,,
LecraeVEVO,MU,,,,,
MLG Highlights,TM,,,,,
Tanya Burr,TM,,,,,
Karina Garcia,YT,,,,,
jypentertainment,MU,,,,,
KISS FM UK,MU,,,,,
Bloomberg Politics,TM,,,,,
CrashCourse,YT,,,,,
Kayley Melissa,YT,,,,,
Magnolia Pictures & Magnet Releasing,TR,,,,,
National Geographic,TM,,,,,
Associated Press,TM,,,,,
Jack and Dean,YT,,,,,
Doctor Mike,YT,,,,,
Kita Osaka,CV,,,,,
neilyoungchannel,MU,,,,,
The Film Theorists,YT,,,,,
PokГ©mon GO,CO,,,,,
CBS Los Angeles,TM,,,,,
FILMWEBTV,TM,,,,,
Syracuse Orange,TM,,,,,
Lifetime,TM,,,,,
Outback Steakhouse,CO,,,,,
E! Live from the Red Carpet,TM,,,,,
LadBaby Official,YT,,,,,
йѓ­йџ‹иѕ°,YT,,,,,
Clark Zhu,TR,,,,,
Fox News,TM,,,,,
MickMake,YT,,,,,
ABC7,TM,,,,,
Campo Santo Productions,TR,,,,,
Vlogs By DK4L,YT,,,,,
MoorInfo,TM,,,,,
Asthmatic Kitty Records,MU,,,,,
Muselk,YT,,,,,
Simply Not Logical,YT,,,,,
GohmertTX01,TM,,,,,
MSNBC,TM,,,,,
Pittsburgh Dad,YT,,,,,
Jessica Kellgren-Fozard,YT,,,,,
Honda,CO,,,,,
The CW Television Network,TM,,,,,
jessiepaege,YT,,,,,
PsychoSoprano,YT,,,,,
Beme News,YT,,,,,
Alissa Ashley,YT,,,,,
melodysheep,YT,,,,,
Marteen Estevez,MU,,,,,
NWSSanDiego,TM,,,,,
"But First, Coffee",YT,,,,,
taalk com,CV,,,,,
National Safety Council,TM,,,,,
FrownsUpsideDown,CV,,,,,
HOTSPOTATL,TR,,,,,
edlover4real,YT,,,,,
Max Joseph,TM,,,,,
MigosVEVO,MU,,,,,
thegameawards,TR,,,,,
MoreZoella,YT,,,,,
LouisTomlinsonVEVO,MU,,,,,
PLAYERUNKNOWN'S BATTLEGROUNDS,TR,,,,,
LIVEKellyandRyan,TM,,,,,
Marzia,YT,,,,,
DanAndPhilGAMES,YT,,,,,
Whitney Avalon,YT,,,,,
Manny Mua,YT,,,,,
leonalewis,MU,,,,,
JK Brickworks,YT,,,,,
Merrell Twins Live,YT,,,,,
greyson97,MU,,,,,
The Sydney Morning Herald,TM,,,,,
LiamPayneVEVO,MU,,,,,
officialcharlixcx,MU,,,,,
SR Trailers and Interviews,TR,,,,,
Tom Thum,YT,,,,,
VidCon,YT,,,,,
Duan Mackenzie,YT,,,,,
rollingstoneonline,TM,,,,,
CIRCUITBEARD,CV,,,,,
Awkward Puppets,YT,,,,,
Desi Perkins,YT,,,,,
BBC,TM,,,,,
The Unipiper,YT,,,,,
Henry Prince Mak,TM,,,,,
Mr Ben Brown,YT,,,,,
Michael BublГ©,MU,,,,,
Taylor R,YT,,,,,
Bad Lip Reading,YT,,,,,
Poppy,YT,,,,,
jennxpenn,YT,,,,,
euronews (in English),TM,,,,,
thevirts,YT,,,,,
CBC News,TM,,,,,
dekuNukem,CV,,,,,
Karim Jovian,TM,,,,,
BeyondSlowMotion,YT,,,,,
New York Magazine,TM,,,,,
FliteTest,CO,,,,,
devinsupertramp,YT,,,,,
Logan Paul Vlogs,YT,,,,,
TheAngryGrandpaShow,YT,,,,,
CNBC,TM,,,,,
CBS News,TM,,,,,
BeOurGuest,YT,,,,,
GoPro,CO,,,,,
Youtube Tea,CV,,,,,
Inthefrow,CO,,,,,
Moby,MU,,,,,
BrettYoungVEVO,MU,,,,,
Samantha Maria,YT,,,,,
Disneyland Experience,TM,,,,,
Chad Kroeger,MU,,,,,
Confuse News,CV,,,,,
Ford Europe,CO,,,,,
CondГ© Nast Traveler,YT,,,,,
Trevor Moran,YT,,,,,
Rob Bliss,YT,,,,,
Chris Stuckmann,YT,,,,,
jenniferhudsonVEVO,MU,,,,,
PeopleTV,TM,,,,,
Jacob Collier,MU,,,,,
VICE News,TM,,,,,
MaccabeatsVideos,MU,,,,,
Bachelor Nation on ABC,TM,,,,,
PHP,TM,,,,,
ilikeweylie,TM,,,,,
Anthem Lights,MU,,,,,
Al Jazeera English,TM,,,,,
Sherylcrow,TM,,,,,
RocketJump Film School,YT,,,,,
blvck King,N/A,Deleted account,,,,
Trevor Wallace,YT,,,,,
Vat19Nvjds,YT,,,,,
SnekTek,CV,,,,,
Domain of Science,YT,,,,,
Birdbox Studio,YT,,,,,
Just Marcus,YT,,,,,
James Veitch,YT,,,,,
Roy Moore for Senate,TM,,,,,
Dj Earworm,MU,,,,,
Bethel Music,MU,,,,,
Jaclyn Hill,YT,,,,,
ChrisBrownVEVO,MU,,,,,
T-Mobile,CO,,,,,
ThePianoGuys,YT,,,,,
Carly and Erin,YT,,,,,
GwenStefaniVEVO,MU,,,,,
Blue Origin,CO,,,,,
Shameless Maya,YT,,,,,
LukeCombsVEVO,MU,,,,,
austinmcconnell,YT,,,,,
LaMadelynn,YT,,,,,
The Atlantic,TM,,,,,
StoryCorps,YT,,,,,
EllieGouldingVEVO,MU,,,,,
Davey Swatpaz,CV,,,,,
Rob Scallon,YT,,,,,
Penguin Books UK,CO,,,,,
Dr. Sandra Lee (aka Dr. Pimple Popper),YT,,,,,
American Bridge 21st Century,TM,,,,,
GreatScott!,YT,,,,,
KhalidVEVO,MU,,,,,
TaylorSwiftVEVO,MU,,,,,
KeithUrbanVEVO,MU,,,,,
Orion Pictures,TR,,,,,
ChangeofplanZ,MU,,,,,
MTV International,TM,,,,,
WE tv,TM,,,,,
LD Entertainment,TR,,,,,
doddlevloggle,YT,,,,,
Ryan Williams,YT,,,,,
IGN News,TM,,,,,
Kingsley,YT,,,,,
Rainer Hilland,CV,,,,,
SPORTSNET,TM,,,,,
Hannah Witton,YT,,,,,
Newsy,TM,,,,,
Nat Geo WILD,TM,,,,,
SpaceX,CO,,,,,
HOT 97,TM,,,,,
Tom Harlock,YT,,,,,
dodieVEVO,MU,,,,,
David Guetta,MU,,,,,
cicigoodies2011,MU,,,,,
Kyle Gunderson,CV,,,,,
Michael Rigsby,CV,,,,,
Katzun,YT,,,,,
MK Dons,CV,,,,,
greeenpro,YT,,,,,
FightHype.com,TM,,,,,
Empire,TM,,,,,
Rock & Roll Hall of Fame,TM,,,,,
MovieAccessTrailers,TR,,,,,
Bloomberg,TM,,,,,
CyclingTips,YT,,,,,
misleadingsilhouette,MU,,,,,
itsAlexClark,YT,,,,,
TheReportOfTheWeek,YT,,,,,
Zach Simmons,MU,,,,,
IAmAnneMarie,CV,,,,,
MasterClass,CO,,,,,
Lawrence Livermore National Laboratory,YT,,,,,
tovestyrkeVEVO,MU,,,,,
Cole and Marmalade,YT,,,,,
Hak5,YT,,,,,
Missguided,CO,,,,,
Xbox,CO,,,,,
Freddie Lister,CV,,,,,
Collins Key,YT,,,,,
Third Leg Studios,YT,,,,,
Blurred Culture,TM,,,,,
grandayy,YT,,,,,
NikkieTutorials,YT,,,,,
NFL World,TM,,,,,
Sport Hub,YT,,,,,
FOX,TM,,,,,
CHRIS-RS,YT,,,,,
Adam Neely,YT,,,,,
Clevver Style,YT,,,,,
PointlessBlogVlogs,YT,,,,,
TechRax,YT,,,,,
Chris Hadfield's Rare Earth,YT,,,,,
Goodwillsandusky,CV,,,,,
Amelia Liana,YT,,,,,
Chili Klaus,YT,,,,,
The Oregonian,TM,,,,,
ThomasRhettVEVO,MU,,,,,
wdwmagic,YT,,,,,
CGP Grey,YT,,,,,
Inside the Magic,TM,,,,,
Top Korean News,TM,,,,,
Sports Lovers n1,N/A,"Deleted video, can't find account",,,,
nickjonas,MU,,,,,
Davie504,MU,,,,,
Chevrolet,CO,,,,,
Hillsong Worship,MU,,,,,
Los Angeles Times,TM,,,,,
CrazyLaughAction,CV,,,,,
TheBeatlesVEVO,MU,,,,,
52 Skillz,YT,,,,,
Daily Caller,TM,,,,,
The Nocturnal Alchemist,CV,,,,,
Paul Sellers,YT,,,,,
RetroManCave,YT,,,,,
JackJohnsonVEVO,MU,,,,,
boogie2988,YT,,,,,
The Bella Twins,YT,,,,,
Jessica Vu,YT,,,,,
Step Up: High Water,TM,,,,,
Michael Dapaah,YT,,,,,
BBC America,TM,,,,,
LifeAccordingToJimmy,YT,,,,,
foofightersVEVO,MU,,,,,
Alec Steele,YT,,,,,
Will Darbyshire,YT,,,,,
The Lore Master,YT,,,,,
Reach Records,MU,,,,,
MITCHELL WIGGS,YT,,,,,
SZAVEVO,MU,,,,,
Crafty Panda,YT,,,,,
Peter Caine Dog Training,YT,,,,,
Ben Pluimer,YT,,,,,
KatyPerryVEVO,MU,,,,,
Brave Wilderness,YT,,,,,
Panic! At The Disco,MU,,,,,
littlemixVEVO,MU,,,,,
Amazon Studios,TR,,,,,
ByronTalbott,YT,,,,,
Cody'sLab,YT,,,,,
New England Patriots,TM,,,,,
Channel 4,TM,,,,,
Momentum Pictures,TR,,,,,
Waterjet Channel,CO,,,,,
Invisible People,YT,,,,,
Macklemore LLC,MU,,,,,
Cardi B,YT,,,,,
ONE Media,TR,,,,,
JennaMarbles,YT,,,,,
SugarlandVEVO,MU,,,,,
Whistle Sports,TM,,,,,
JarJar Abrams,CV,,,,,
Lisa Eldridge,TM,,,,,
Foot Locker,CO,,,,,
BBC Three,TM,,,,,
INQUIRER.net,TM,,,,,
Lyft,CO,,,,,
Spotify,CO,,,,,
Star Wars Coffee,CO,,,,,
TheUnlockr,YT,,,,,
Brad Mondo,YT,,,,,
Business Insider UK,TM,,,,,
negermano,CV,,,,,
Frankie Vision,TM,,,,,
KendrickLamarVEVO,MU,,,,,
Gerry Litwin,CV,,,,,
Doug Ellison,CV,,,,,
How To Make Everything,YT,,,,,
Seonkyoung Longest,YT,,,,,
Freedom of the Press Foundation,CV,,,,,
The Rock,TM,,,,,
CNET,TM,,,,,
CBS New York,TM,,,,,
Torm place,CV,,,,,
MLB,TM,,,,,
VOsprey22,CV,,,,,
Smyang Piano,MU,,,,,
Function,YT,,,,,
MARIO TESTINO,TM,,,,,
Tyler Stalman,YT,,,,,
Kerry Wong,CV,,,,,
MODSUN,MU,,,,,
Joey Graceffa,YT,,,,,
Food Wishes,YT,,,,,
Kyle Jennermann,YT,,,,,
FC Barcelona,TM,,,,,
J.J. McCullough,YT,,,,,
Theme Park Review,YT,,,,,
Real Madrid C.F.,TM,,,,,
Official Charts,TM,,,,,
IFC Films,TR,,,,,
MYSTERY SCIENCE THEATER 3000,TM,,,,,
Republican News Watch,TM,,,,,
Hulu,CO,,,,,
Famous Celebrities Snaps,TM,,,,,
DragTimes,YT,,,,,
Keke Palmer,TM,,,,,
NBC,TM,,,,,
Ryan Northover,CV,,,,,
Derek Hough,MU,,,,,
XenonJohn,CV,,,,,
vnbreyes,TM,,,,,
Doctor Who,TM,,,,,
NBC Sports,TM,,,,,
The Royal Family,TM,,,,,
Mark Sales,YT,,,,,
KBAK - KBFX - Eyewitness News - BakersfieldNow,TM,,,,,
Russell Howard,TM,,,,,
Movieclips Coming Soon,TR,,,,,
VICELAND,TM,,,,,
Troom Troom,YT,,,,,
Jordan Wilson,YT,,,,,
Linus Tech Tips,YT,,,,,
FX Networks,TM,,,,,
Channel Awesome,YT,,,,,
IFC,TM,,,,,
Sriram Murali,CV,,,,,
Dawid Szmandra,CV,,,,,
nothorwitzer,CV,,,,,
Lil Peep,MU,,,,,
TromaMovies,YT,,,,,
Chris Reinacher,YT,,,,,
Revolt TV,YT,,,,,
SmarterEveryDay,YT,,,,,
Monster Energy,CO,,,,,
Movieclips Film Festivals & Indie Films,TR,,,,,
Maymo,YT,,,,,
Camila Cabello,MU,,,,,
Chloe x Halle,MU,,,,,
KBSKpop,MU,,,,,
Ben Actis,CV,,,,,
Rebel Wilson,TM,,,,,
Huxley Berg Studios,YT,,,,,
gzumwalt,CV,,,,,
Gcincorp Ecommerce and Real Estate,CV,,,,,
mugumogu,YT,,,,,
Onur AltuДџ Sever,YT,,,,,
voordeel,YT,,,,,
Huw Parkinson,YT,,,,,
Lil Wayne,MU,,,,,
Tpindell,YT,,,,,
The Pet Collective,YT,,,,,
Patricia Bright,YT,,,,,
KathleenLights,YT,,,,,
Edward Avila,YT,,,,,
Max Skipper,CV,,,,,
PONY Syndrome,YT,,,,,
Pero Like,YT,,,,,
Austin Burk,CV,,,,,
Josh Levine,CV,,,,,
automotivemaster1972,CV,,,,,
UJ,CV,,,,,
Kevin Noonan,CV,,,,,
Conor Maynard,MU,,,,,
Specialized Bicycles,CO,,,,,
matt,YT,,,,,
Mr Sunday Movies,YT,,,,,
Fifty Shades,TR,,,,,
Piece Of Me Tour Planet Hollywood,MU,,,,,
Bruce Land,YT,,,,,
FailArmy,YT,,,,,
DrMachakil,YT,,,,,
justintimberlakeVEVO,MU,,,,,
PlayOverwatch,CO,,,,,
BГ�RNSmusicVEVO,MU,,,,,
Yoga With Adriene,YT,,,,,
mariahxlambily,MU,,,,,
TheTimTracker,YT,,,,,
Guy Tang,YT,,,,,
CatCreature,YT,,,,,
Big Marvel,MU,,,,,
AviciiOfficialVEVO,MU,,,,,
What's Inside?,YT,,,,,
Beyonce,MU,,,,,
Erin Noelle,YT,,,,,
Braxen McConnell,CV,,,,,
Like Stories of Old,YT,,,,,
Cristi Cristian,CV,,,,,
Mom Will Be Proud,CV,,,,,
BachelorsPadTv,YT,,,,,
м�Ѓкµ­л‚Ёмћђ Korean Englishman,YT,,,,,
Hazel Hayes,YT,,,,,
Nathan C,MU,,,,,
Jenn Im,YT,,,,,
Radio Physics and Electronics,YT,,,,,
Real World Records,MU,,,,,
Noah Nicholls,CV,,,,,
Technology Connections,YT,,,,,
KBS World TV,TM,,,,,
Freemeo,TR,,,,,
Banana Culture Music,MU,,,,,
Charlie Puth,MU,,,,,
Pitchfork,TM,,,,,
RawBeautyKristi,YT,,,,,
Will Smith,TM,,,,,
MGM,TR,,,,,
Peaceful Cuisine,YT,,,,,
Sprinkleofglitter,YT,,,,,
Sam Sheffer,YT,,,,,
Special Books by Special Kids,YT,,,,,
Today I Found Out,YT,,,,,
Oceana,CV,,,,,
TheHoonigans,CV,,,,,
Street Speed 717,YT,,,,,
TurboTax,CO,,,,,
Jalopnik,YT,,,,,
Sailing La Vagabonde,YT,,,,,
Strictly Dumpling,YT,,,,,
Halfway Anywhere,CV,,,,,
Emma Massingale,CV,,,,,
The CGBros,YT,,,,,
Star Wars HQ,YT,,,,,
Red Robot - Intelligent Distribution,CO,,,,,
Bee Ly TV,YT,,,,,
CNLohr,YT,,,,,
JayZVEVO,MU,,,,,
BreakingBenjaminVEVO,MU,,,,,
CrowsEyeProductions,YT,,,,,
TobyMacVEVO,MU,,,,,
Vic Dibitetto,TM,,,,,
CBS Films,TR,,,,,
Desus & Mero,TM,,,,,
Popular Woodworking,CO,,,,,
JAY,YT,,,,,
Mike H,YT,,,,,
J Gasser,YT,,,,,
Livia Giustiniani,CV,,,,,
Speks,CV,,,,,
RZSS Highland Wildlife Park,CV,,,,,
Carlos Campos,CV,,,,,
StanDrawsSpaceships,YT,,,,,
Navenanthen Gepardieu,CV,,,,,
Disney Parks,CO,,,,,
Daily Davidsons,YT,,,,,
Haru the Shiba Inu,YT,,,,,
Battle Universe!,YT,,,,,
JuJu Smith-Schuster,TM,,,,,
Sugar Pine 7,YT,,,,,
Lucas,YT,,,,,
SuperwomanVlogs,YT,,,,,
KKandbabyJ,YT,,,,,
Billions,TR,,,,,
DanTDM,YT,,,,,
Daz Games,YT,,,,,
Alex Aiono,MU,,,,,
Mustache Wax,YT,,,,,
CBS Philly,TM,,,,,
New Orleans Saints on NOLA.com,TM,,,,,
Adam Whitley,TM,,,,,
Voltfolio,CV,,,,,
TheGracieC,CV,,,,,
Chappell Roan,MU,,,,,
The Players' Tribune,TM,,,,,
Benn and Gear,MU,,,,,
Pop & Sports HQ,YT,,,,,
Ryan Canty,CV,,,,,
sWooZie,YT,,,,,
CaptainDisillusion,YT,,,,,
startelegramvideo,TM,,,,,
FOX Soccer,TM,,,,,
TED,TM,,,,,
Genuine Survival Research Labs,TM,,,,,
Tim Barrett,YT,,,,,
OjO Commuter Scooter by OjO Electric,CO,,,,,
yovo68,YT,,,,,
MILCK,MU,,,,,
Bundesliga,TM,,,,,
CHauserable,CV,,,,,
EVNautilus,YT,,,,,
The Valleyfolk,YT,,,,,
The Ohana Adventure,YT,,,,,
Mecum Auctions,TM,,,,,
In Case You Missed It,N/A,Deleted account,,,,
That Japanese Man Yuta,YT,,,,,
New York Daily News,TM,,,,,
Talks at Google,TM,,,,,
CityNews Toronto,TM,,,,,
yeokm1,CV,,,,,
Dani Ochoa,CV,,,,,
TroyeSivanVEVO,MU,,,,,
GamingWithJen,TR,,,,,
Diplo,MU,,,,,
Netflix Asia,CO,,,,,
4given4ever1,N/A,"Deleted video, can't find account",,,,
JackWhiteVEVO,MU,,,,,
Natalies Outlet,YT,,,,,
videogamedunkey,YT,,,,,
Movieclips Trailers,TR,,,,,
Walking With Giants,YT,,,,,
KATC,TM,,,,,
Bleecker Street,TR,,,,,
Elvis Duran Show,TM,,,,,
Chris Rosa,CV,,,,,
Comicbook.com,TM,,,,,
Jon B.,YT,,,,,
Vance Joy,MU,,,,,
Lofty Pursuits,YT,,,,,
Queen Naija,YT,,,,,
Troye Sivan,MU,,,,,
DoodleChaos,YT,,,,,
Vsauce2,YT,,,,,
TheKillersVEVO,MU,,,,,
Architectural Digest,CO,,,,,
Alabama Crimson Tide on AL.com,TM,,,,,
lisbug,YT,,,,,
WhatsUpMoms,YT,,,,,
Despierta AmГ©rica,TM,,,,,
Peloton,CO,,,,,
RagnBoneManVEVO,MU,,,,,
MrMobile [Michael Fisher],YT,,,,,
Southwest Florida Eagle Cam,YT,,,,,
Jon Olsson,YT,,,,,
Mamrie Hart,YT,,,,,
Chubbyemu,YT,,,,,
ThisDustIn,YT,,,,,
RedCurtainEnt,CV,,,,,
Helen Anderson,YT,,,,,
BMW USA,CO,,,,,
Dave Lee,YT,,,,,
NJ.com,TM,,,,,
OneBitMusicVEVO,MU,,,,,
Hollyscoop,TM,,,,,
Humble Design,CV,,,,,
Mercedes-Benz,CO,,,,,
IsraeliPM,TM,,,,,
ekaggrat singh kalsi,CV,,,,,
SHOWTIME,TM,,,,,
GrDrtube,CV,,,,,
shoaib246,CV,,,,,
PK Inventor,CV,,,,,
Hin Nya,CV,,,,,
KickThePj,YT,,,,,
Total Combat,TM,,,,,
The Inertia,TM,,,,,
The Daily Show with Trevor Noah,TM,,,,,
United Launch Alliance,CO,,,,,
carrieunderwoodVEVO,MU,,,,,
Donald J. Trump Topic,TM,,,,,
BrasherN,CV,,,,,
Tia Mowry's Quick Fix,YT,,,,,
tonyvera1902,YT,,,,,
AnselElgortVEVO,MU,,,,,
Berd,YT,,,,,
Matt and Kim,MU,,,,,
CNNMoney,TM,,,,,
I.T. Channel,YT,,,,,
Hayley Kiyoko,MU,,,,,
IncubusVEVO,MU,,,,,
Fontgod,CV,,,,,
Rella On the radio,CV,,,,,
The Ringer,TM,,,,,
FiftyShadesVEVO,MU,,,,,
CBS Evening News,TM,,,,,
Amber Liu,MU,,,,,
TheVampsVEVO,MU,,,,,
My Self Reliance,YT,,,,,
blackbearVEVO,MU,,,,,
Guldies,YT,,,,,
University of Rochester EEOC Complainants,CV,,,,,
NOVA's Secret Life of Scientists and Engineers,TM,,,,,
F Milburn,CV,,,,,
WQAD News 8,TM,,,,,
lugnutsoldcrap,CV,,,,,
Mike Olbinski,YT,,,,,
Let Me Explain Studios,YT,,,,,
C-SPAN,TM,,,,,
Kelly Eden,TM,,,,,
Patrick Nan,CV,,,,,
Cultaholic,YT,,,,,
KTVU,TM,,,,,
Rachelleea,YT,,,,,
RESSENCE WATCHES,CO,,,,,
Obama Foundation,TM,,,,,
Highlight Heaven,TM,,,,,
MrBeast,YT,,,,,
Graham The Christian,YT,,,,,
TRYANGLE FILMS,YT,,,,,
BaconLegs,CV,,,,,
Vet Ranch,YT,,,,,
The Modern Rogue,YT,,,,,
Viral Paws,YT,,,,,
eba era,CV,,,,,
Ryan Calme,CV,,,,,
NoahKahanVEVO,MU,,,,,
HANSE н•њм„ё,YT,,,,,
Sieuwe Elferink,CV,,,,,
Frog The Rooster,CV,,,,,
TheCubician,CV,,,,,
See You Yang,CV,,,,,
3D Printing Nerd,YT,,,,,
DKDKTV,YT,,,,,
Na So We See Am,N/A,Deleted account,,,,
FundingCircleUK,CV,,,,,
Mike Austin,CV,,,,,
bill wurtz,YT,,,,,
NBA on TNT,CO,,,,,
Casey Holmes,YT,,,,,
Team Edge,YT,,,,,
BeckVEVO,MU,,,,,
MLive,TM,,,,,
Nicol Concilio,YT,,,,,
BleachersVEVO,MU,,,,,
East Idaho News,TM,,,,,
gamelovercommercials,CV,,,,,
WHAT'S INSIDE? FAMILY,YT,,,,,
Hannah Meloche,YT,,,,,
COVERGIRL,TM,,,,,
Max Hertan,YT,,,,,
MandisaVEVO,MU,,,,,
Joan Kim,YT,,,,,
Viva La Dirt League,YT,,,,,
Roadshow,YT,,,,,
Kortney Steury,CV,,,,,
Business InsiderAu,TM,,,,,
AutoGuide.com,CO,,,,,
Tentmaker Pictures,YT,,,,,
Stefany Gonzalez,CV,,,,,
CoinDaddy,CV,,,,,
Jamie Demeter,CV,,,,,
FaZe Rug,YT,,,,,
ChainsmokersVEVO,MU,,,,,
ASMR Darling,YT,,,,,
Tina Yong,YT,,,,,
Christine Sydelko,YT,,,,,
KIND Snacks,CO,,,,,
NBA Stats All Seasons,YT,,,,,
Slednecks,YT,,,,,
Man About Cake,YT,,,,,
TraceyThornVEVO,MU,,,,,
danisnotinteresting,YT,,,,,
TheSorryGirls,YT,,,,,
Cat Man Chris,YT,,,,,
Redline Reviews,YT,,,,,
Daniel Howell,YT,,,,,
Ford Motor Company,CO,,,,,
Paramount Network,CO,,,,,
FacelesswithEyesOpen,CV,,,,,
iDB,TM,,,,,
CrossKut316,MU,,,,,
Must Love Science,CV,,,,,
Gondwana Collection Namibia,CO,,,,,
Dale Dai,CV,,,,,
TinasheOfficialVEVO,MU,,,,,
theCHIVE,CO,,,,,
FrenchMontanaVEVO,MU,,,,,
Warner Bros. UK,TR,,,,,
Makeupshayla,YT,,,,,
PhakeNam,CV,,,,,
Laura Lee,YT,,,,,
Australian Open TV,TM,,,,,
STX Entertainment,TM,,,,,
NASA Goddard,TM,,,,,
Brian Klug,CV,,,,,
heroedelahistoria,CV,,,,,
Physics Girl,YT,,,,,
Car Throttle,YT,,,,,
SRAM MTB,YT,,,,,
Grist,YT,,,,,
Duncan Sinfield,YT,,,,,
PatrickStarrr,YT,,,,,
The Anna Edit,YT,,,,,
Lily Pebbles,YT,,,,,
Lip Sync Battle,TM,,,,,
WXYZ-TV Detroit | Channel 7,TM,,,,,
Hamilton: An American Musical,TM,,,,,
UFC - Ultimate Fighting Championship,TM,,,,,
OlanRogers,TM,,,,,
Beats 1 Radio,MU,,,,,
Rita Ora,MU,,,,,
LaToya Forever,YT,,,,,
ROME REPORTS in English,TM,,,,,
Penguin Books South Africa,CO,,,,,
TheOdd1sOut,YT,,,,,
Lucas the Spider,YT,,,,,
Andrew Lowe,YT,,,,,
Rooster Teeth,YT,,,,,
PaweЕ‚ ZadroЕјniak,MU,,,,,
Aymeric Favard,CV,,,,,
Marcos Horacio,CV,,,,,
Jaiden Animations,YT,,,,,
A Chick Called Albert,YT,,,,,
MrTreknation,YT,,,,,
Chris Smoove,YT,,,,,
TNT,TM,,,,,
Hydraulic Press Channel,YT,,,,,
Sound Bites,CV,,,,,
Primitive Technology,YT,,,,,
Ryan Davidson,CV,,,,,
Corridor,YT,,,,,
HvdH-Plane-Spotter,YT,,,,,
AaronsAnimals,YT,,,,,
How Ridiculous,YT,,,,,
jeremiah johnson,YT,,,,,
Techmoan,YT,,,,,
Townsends,YT,,,,,
Nicki Shields,TM,,,,,
SBS TVлЏ™л¬јл†ЌмћҐxм• л‹€л©Ђлґђ,YT,,,,,
Candide Thovex,YT,,,,,
Jason Yu,CV,,,,,
Nerdist,YT,,,,,
Funny News,CV,,,,,
Access,TM,,,,,
mmschocolate,CO,,,,,
End of Ze World,CV,,,,,
JГЎn IlavskГЅ,CV,,,,,
cineytele,CV,,,,,
Laura Kampf,YT,,,,,
colourpopcosmetics,CO,,,,,
Rudimental,MU,,,,,
iotexpert,CV,,,,,
Oscars,TM,,,,,
ABC Action News,TM,,,,,
ZEDDVEVO,MU,,,,,
PlayStation,CO,,,,,
LoeyLane,YT,,,,,
KipMooreVEVO,MU,,,,,
730 WVFN,CV,,,,,
Drew Lynch,YT,,,,,
David Windestal,YT,,,,,
Caspar,YT,,,,,
Symon,MU,,,,,
FloSports,TM,,,,,
Tony Berza,CV,,,,,
onsetfacilities.com,CO,,,,,
BURGER KING,TM,,,,,
Legendary,TR,,,,,
Colleen Ballinger,YT,,,,,
Domics,YT,,,,,
Bobby Duke Arts,YT,,,,,
KygoOfficialVEVO,MU,,,,,
Scotty Sire,YT,,,,,
Comedy Central,TM,,,,,
Dennis Kapatos,CV,,,,,
AdelaineMorin,YT,,,,,
Newsflare,YT,,,,,
SKITTLESbrand,CO,,,,,
JheneAikoVEVO,MU,,,,,
Elton John,MU,,,,,
Forgotten Weapons,YT,,,,,
Calvin Klein,CO,,,,,
Esther Bellido,CV,,,,,
ombremor,TM,,,,,
Barcroft Animals,TM,,,,,
John Varvatos,CO,,,,,
paul wheaton,YT,,,,,
TSN Tube,YT,,,,,
ThreeDaysGraceVEVO,MU,,,,,
KFC,CO,,,,,
Alpha Entertainment,YT,,,,,
Groupon,CO,,,,,
Pepsi,CO,,,,,
Morgan Adams,YT,,,,,
LexusVehicles,CO,,,,,
EltonJohnVEVO,MU,,,,,
Everyday Astronaut,YT,,,,,
Seth's Bike Hacks,YT,,,,,
Aerie,CO,,,,,
fantano,YT,,,,,
DonDiablo,MU,,,,,
AT&T,CO,,,,,
DJI,CO,,,,,
Missouri Star Quilt Company,CO,,,,,
Geoff Mallinson,CV,,,,,
Saskatchewan Rush,TM,,,,,
Any rubbish,CV,,,,,
Desktop Makes,CV,,,,,
Electron Dust,CV,,,,,
JanPaul123,CV,,,,,
shakiraVEVO,MU,,,,,
jeffreestar,YT,,,,,
JasonAldeanVEVO,MU,,,,,
Daisy Marquez,YT,,,,,
XAmbassadorsVEVO,MU,,,,,
EA SPORTS FIFA,CO,,,,,
JamesBlakeVEVO,MU,,,,,
MN khan,CV,,,,,
BLACKPINK,MU,,,,,
Pomegranate Sunshine,CV,,,,,
David Archuleta,MU,,,,,
R3HAB,MU,,,,,
Interscope Records,MU,,,,,
The Scam On Demand,CV,,,,,
Palo Alto Online,CV,,,,,
494ta,CV,,,,,
Red Bull Records,MU,,,,,
marjolijn2,CV,,,,,
AntsCanada,YT,,,,,
The 2x Family,YT,,,,,
Extra Credits,YT,,,,,
MAZELEE,YT,,,,,
HaimVEVO,MU,,,,,
BANGTANTV,TM,,,,,
Adult Swim UK,TM,,,,,
Popcorn with Peter Travers,TM,,,,,
BRIGHT SIDE,YT,,,,,
iKON,MU,,,,,
XFL,TM,,,,,
Jessica Clements,YT,,,,,
revlon,CO,,,,,
Cleveland Browns,TM,,,,,
AirPano,YT,,,,,
Dean Anderson,CV,,,,,
SaggyJ,CV,,,,,
Guava Juice,YT,,,,,
Solid Gold Aquatics,YT,,,,,
CBS,TM,,,,,
ATPWorldTour,TM,,,,,
X Games,TM,,,,,
Budweiser,CO,,,,,
Howl Of A Dog,YT,,,,,
Recording Academy / GRAMMYs,TM,,,,,
CatPusic,YT,,,,,
Oscar Fury,CV,,,,,
Maddie Lymburner,YT,,,,,
FerrasVEVO,MU,,,,,
VideoGameAds,TR,,,,,
UCAN Zippers USA,CO,,,,,
pjmorton,MU,,,,,
What I've Learned,YT,,,,,
Vevo,MU,,,,,
Super Netvid,N/A,"Deleted video, can't find account",,,,
Shyrynne,CV,,,,,
EntertainmentVevo,MU,,,,,
Michelob ULTRA,CO,,,,,
ET Canada,TM,,,,,
Summoning Salt,YT,,,,,
WhatCulture Wrestling,TM,,,,,
Sports Illustrated,CO,,,,,
RihannaNavyVevo,MU,,,,,
Shesez,YT,,,,,
Nick Ramos,CV,,,,,
Movie'n'co UK,CV,,,,,
Dustin Penner,YT,,,,,
Caravan Carolyn,YT,,,,,
amazon,CO,,,,,
Kevin Stein,CV,,,,,
LGR,YT,,,,,
smoothiethecat,YT,,,,,
A24,TR,,,,,
engineerguy,YT,,,,,
The Action Lab,YT,,,,,
Catch-Up TV,CV,,,,,
DaHoopSpot Productions,YT,,,,,
lugeyps3,YT,,,,,
Spinach Dippa,CV,,,,,
J S,TM,,,,,
Dylan Locke,YT,,,,,
bitluni's lab,YT,,,,,
Bini the Bunny,YT,,,,,
Adam Smith,CV,,,,,
Slooh,YT,,,,,
Bebe Rexha,MU,,,,,
Mountain Dew,CO,,,,,
PBS Eons,TM,,,,,
The Bachelor Insider,TM,,,,,
Exploring Alternatives,YT,,,,,
Saved By The Max,CV,,,,,
Midnight Video,CV,,,,,
WOWPresents,YT,,,,,
Shaaanxo,YT,,,,,
3Blue1Brown,YT,,,,,
Madmorda,CV,,,,,
BrantleyGilbertVEVO,MU,,,,,
Kia Motors America,CO,,,,,
ChvrchesVEVO,MU,,,,,
Jessica Braun | JAMbeauty89,YT,,,,,
It's a Southern Thing,YT,,,,,
Errant Signal,YT,,,,,
Andrew Rowland,CV,,,,,
DopeBoyTroy,YT,,,,,
HouzzTV,TM,,,,,
Terrormink,CV,,,,,
NinaNesbittMusicVEVO,MU,,,,,
theSkimm,TM,,,,,
Science Magazine,TM,,,,,
The Angie Martinez Show,TM,,,,,
Izac Less,CV,,,,,
Choir! Choir! Choir!,MU,,,,,
Amarullah Rizky,CV,,,,,
HyundaiUSA,CO,,,,,
merrelltwins,YT,,,,,
Kat Cunning,MU,,,,,
Prime Video,TR,,,,,
Campari,CO,,,,,
Healthcare Triage,YT,,,,,
PAC ENTRETENIMENTO / DJ IVAN DAVIS,YT,,,,,
Dish Nation,TM,,,,,
kawaiisweetworld,YT,,,,,
Whyte Foxx Music Videos & More,MU,,,,,
Thomas Sebastian,CV,,,,,
HalseyVEVO,MU,,,,,
Toyota Global,CO,,,,,
Jeopardy!,TM,,,,,
iggyazaleamusicVEVO,MU,,,,,
Bret Baier,CV,,,,,
ScottyMcCreeryVEVO,MU,,,,,
WFLA News Channel 8,TM,,,,,
Philadelphia Eagles,TM,,,,,
India Love,MU,,,,,
Bud Light,CO,,,,,
TechCrunch,CO,,,,,
Kotaku,TM,,,,,
KylieMinogueOnVEVO,MU,,,,,
TRL,TM,,,,,
Wintergatan,YT,,,,,
9-1-1 on FOX,TM,,,,,
Avocados From Mexico,CO,,,,,
StorrorBlog,YT,,,,,
This Is Us,TM,,,,,
Feast Of Fiction,YT,,,,,
The Square to Spare,YT,,,,,
CBS Chicago,TM,,,,,
Adam's Apple,CV,,,,,
ARIKITCHEN (м•„л¦¬н‚¤м№њ),YT,,,,,
Nickelodeon,TM,,,,,
Neil Fraser,CV,,,,,
Joshua Levin,CV,,,,,
MiddleKidsVEVO,MU,,,,,
Check It Out,YT,,,,,
Kylie Jenner,TM,,,,,
Tide,CO,,,,,
Ram Trucks,CO,,,,,
Jeep,CO,,,,,
Australia,CO,,,,,
Quicken Loans,CO,,,,,
SB-LII Commercials,TM,,,,,
Kaplamino,YT,,,,,
The Key of Awesome,YT,,,,,
Monster Cable Products,CO,,,,,
Chris Turner,TM,,,,,
Animal Planet,TM,,,,,
"Cyprus Air Heating, Cooling and Fireplaces",CO,,,,,
Kraft Brand,CO,,,,,
TDAmeritrade,CO,,,,,
Persil ProClean,CO,,,,,
Turkish Airlines,CO,,,,,
Toyota USA,CO,,,,,
Wix.com,CO,,,,,
Rise,TM,,,,,
Coca-Cola,CO,,,,,
WeatherTech,CO,,,,,
Sprint,CO,,,,,
Intuit,CO,,,,,
Motherboard,TM,,,,,
Shawn,YT,,,,,
dannotv,CV,,,,,
WhatsApp Wacky,CV,,,,,
Squarespace,CO,,,,,
MassMutual,CO,,,,,
PekingDukVEVO,MU,,,,,
Wendy's,CO,,,,,
Funny Commercials,CV,,,,,
ClovesVEVO,MU,,,,,
Chris Sturgeon,CV,,,,,
Us Weekly,TM,,,,,
NFL Network,TM,,,,,
ALL URBAN CENTRAL,TM,,,,,
Diet Coke,CO,,,,,
NoahCyrusVEVO,MU,,,,,
Vinheteiro,YT,,,,,
World Eyes,TM,,,,,
TopClips247,YT,,,,,
Commercials Funny,YT,,,,,
Horizon Productions SFL,CV,,,,,
Jesse,YT,,,,,
StingVEVO,MU,,,,,
Glamour Magazine,TM,,,,,
stacyvlogs,YT,,,,,
Hudson Moore,MU,,,,,
Barstool Sports,TM,,,,,
Lorraine,TM,,,,,
Max Fagin,CV,,,,,
heyitsfeiii,YT,,,,,
Tim Gray,TR,,,,,
McDonald's,CO,,,,,
Steeper33,YT,,,,,
Represent.Us,TM,,,,,
India Survival Guide,YT,,,,,
The ACE Family,YT,,,,,
Chilly Willy,TM,,,,,
Jack Coyne,YT,,,,,
LOL Network,TM,,,,,
the Hacksmith,YT,,,,,
CalvinHarrisVEVO,MU,,,,,
JamesBayVEVO,MU,,,,,
RealNewsNetworkMedia,TM,,,,,
NIXOLAS,CV,,,,,
ColdFusion,YT,,,,,
Omaze,CO,,,,,
Christopher Davis,CV,,,,,
My Virgin Kitchen,YT,,,,,
Tryst Network,TM,,,,,
Rapid Trailer,TR,,,,,
Nike,CO,,,,,
Pinball Wiz,CV,,,,,
CamVEVO,MU,,,,,
kehlani parrish,MU,,,,,
MGMTVEVO,MU,,,,,
Aunty Donna,YT,,,,,
NewsFunnies,CV,,,,,
Anna Saccone,YT,,,,,
Nathan Robinson,CV,,,,,
Hush Kit,YT,,,,,
Allie Glines,YT,,,,,
Olympic,TM,,,,,
Wall Street Journal,TM,,,,,
Absolut,CO,,,,,
LOOK MUM NO COMPUTER,MU,,,,,
Studio C,TM,,,,,
hwow,CV,,,,,
Asian Boss,YT,,,,,
Squirrel Monkey,YT,,,,,
All is Art,CV,,,,,
Alex Meyers,YT,,,,,
BETNetworks,TM,,,,,
Radio Andy,TM,,,,,
Alto's Adventure,TR,,,,,
Land Rover,CO,,,,,
ToniBraxtonVEVO,MU,,,,,
TheMeanKitty,YT,,,,,
L2inc,YT,,,,,
So I Had This Idea...,CV,,,,,
BenTheBondsman,CV,,,,,
DrakeBellVEVO,MU,,,,,
Senator Chris Murphy,TM,,,,,
Nikita Dragun,YT,,,,,
MinuteEarth,YT,,,,,
Royal Blood,MU,,,,,
Strange incident,YT,,,,,
Parks and Recreation,TM,,,,,
Samsung Mobile USA,CO,,,,,
Recode,TM,,,,,
The Thought Emporium,YT,,,,,
BerkleyLovesTori,YT,,,,,
souviendra,CV,,,,,
WGA West,TM,,,,,
Mikey Murphy,YT,,,,,
Highsnobiety,TM,,,,,
Evan Edinger,YT,,,,,
TV One,TM,,,,,
Muse,MU,,,,,
Blonded,MU,,,,,
LustreLux,YT,,,,,
Turn10Studios,TR,,,,,
Trace Cyrus,MU,,,,,
Lionsgate Movies,TR,,,,,
Cody'sBLab,YT,,,,,
Peter Brown,YT,,,,,
BellaThorneVEVO,MU,,,,,
Bill Gates,TM,,,,,
Topic,MU,,,,,
OVO Sound,MU,,,,,
JayRockVEVO,MU,,,,,
Zebra Corner,YT,,,,,
Janelle MonГЎe,MU,,,,,
Disney Descendants,TM,,,,,
Cobra Kai,YT,,,,,
Crusoe the Celebrity Dachshund,YT,,,,,
SeanPaulVEVO,MU,,,,,
mittromney,TM,,,,,
Julien Solomita,YT,,,,,
KFlayVEVO,MU,,,,,
Cosmopolitan.com,TM,,,,,
Paris Hilton,TM,,,,,
Golden State Warriors,TM,,,,,
РђР»РµРєСЃРµР№ РќР°РІР°Р»СЊРЅС‹Р№,YT,"not sure, different language",,,,
Just Jared Jr,YT,,,,,
Tony Baker Comedy,YT,,,,,
Amanda Palmer,MU,,,,,
Dancing On Ice,TM,,,,,
NASCAR,TM,,,,,
Circus HalliGalli,TM,,,,,
JP & Julia,YT,,,,,
Ricky Dillon,YT,,,,,
The Cincinnati Zoo & Botanical Garden,YT,,,,,
Channon Rose Vlogs,YT,,,,,
Writers Guild of America East,TM,,,,,
Swish Daily,TM,,,,,
Malik Nabee,CV,,,,,
Prince Marcus,CV,,,,,
monatheband,MU,,,,,
Cartoon Hangover,TM,,,,,
mike m,CV,,,,,
News 5 Cleveland,TM,,,,,
Sauber F1 Team,TM,,,,,
Smequle,YT,,,,,
Fancy Vlogs By Gab,YT,,,,,
Barn Sanctuary,YT,,,,,
LaurDIY,YT,,,,,
Billy Graham Evangelistic Association,CO,,,,,
Recanto EcolГіgico Rio da Prata,CV,,,,,
Strange Parts,YT,,,,,
Jake Roper,YT,,,,,
BAFTA,TM,,,,,
Kylie Moy,CV,,,,,
5SOSVEVO,MU,,,,,
CMT,TM,,,,,
keshaVEVO,MU,,,,,
StudiocanalUK,TR,,,,,
Mercedes-AMG Petronas Motorsport,TM,,,,,
doddleoddle,MU,,,,,
Jimmy Built,MU,,,,,
Michael Callaghan,CV,,,,,
Song Of Style,YT,,,,,
JohnnyQ90,YT,,,,,
Sylvia Gani,YT,,,,,
Renault Sport,CO,,,,,
BenDeen,YT,,,,,
42Fab - Metalworking and Multi-Medium Fabrication,CV,,,,,
Lotto New Zealand,TM,,,,,
Ryan,CV,,,,,
samfryltd,CV,,,,,
Wallows,MU,,,,,
Ryan Is Driving,YT,,,,,
ShibSibs,YT,,,,,
BishopBriggsVEVO,MU,,,,,
SnoopDoggVEVO,MU,,,,,
LewisCapaldiVEVO,MU,,,,,
RickyMartinVEVO,MU,,,,,
Allure,CO,,,,,
The Warp Zone,YT,,,,,
The Alex Jones Channel,TM,,,,,
fuzywazacolin,CV,,,,,
РќРёРєРёС‚Р° РћСЂРґС‹РЅСЃРєРёР№,YT,,,,,
Clicknetwork,TM,,,,,
Violin MD,YT,,,,,
rock on,YT,,,,,
Sparkee Music,MU,,,,,
Because Science,YT,,,,,
Iris,CV,,,,,
Kacey Musgraves - Topic,MU,,,,,
Fox Business,TM,,,,,
PESfilm,YT,,,,,
Twin Shadow,MU,,,,,
BRITs,TM,,,,,
Abhishek Singh,CV,,,,,
1MILLION Dance Studio,CO,,,,,
joyner lucas,MU,,,,,
Samsung,CO,,,,,
RomanAtwoodVlogs,YT,,,,,
jbalvinVEVO,MU,,,,,
Kris Harbour,YT,,,,,
FunForLouis,YT,,,,,
BillyCrammer,YT,,,,,
AvE,YT,,,,,
Liza Koshy Too,YT,,,,,
"Rock me, Joey Santiago.",CV,,,,,
Kid Rock,MU,,,,,
ChrisYoungVEVO,MU,,,,,
Desimpedidos,YT,,,,,
BowlFullofAwesome,CV,,,,,
LiveOverflow,YT,,,,,
Ivan Miranda,YT,,,,,
Gentle Whispering ASMR,YT,,,,,
Practical Engineering,YT,,,,,
Stratolaunch,CO,,,,,
Engineering Explained,YT,,,,,
Real Engineering,YT,,,,,
The Royal Ocean Film Society,YT,,,,,
Walt Disney Animation Studios,CO,,,,,
Ryland Adams,YT,,,,,
Waymo,CO,,,,,
Owen Harvey,CV,,,,,
Gemma Stafford,YT,,,,,
Luke Korns,YT,,,,,
King Princess,MU,,,,,
MeghanTrainorVEVO,MU,,,,,
N W,CV,,,,,
Blake Shelton,MU,,,,,
CrossFitВ®,CO,,,,,
Gibi ASMR,YT,,,,,
GeorgeEzraVEVO,MU,,,,,
Claire Marshall,YT,,,,,
Daily Dose Of Internet,YT,,,,,
ењ§еЂ’зљ„дёЌеЇ©иЂ…гЃ®жҐµгЃї!,YT,,,,,
Braille Skateboarding,YT,,,,,
Techquickie,YT,,,,,
Scott Manley,YT,,,,,
Film Independent,TR,,,,,
Don Diablo,MU,,,,,
BonJoviVEVO,MU,,,,,
Zach King,YT,,,,,
Bethany Wilhelm,YT,,,,,
The Joint Forces Channel,TM,,,,,
Ten Second Songs,MU,,,,,
ODE,TM,,,,,
Kristen Hancher,YT,,,,,
Ladylike,TM,,,,,
cheeseandjamsandwich,CV,,,,,
Mitchell Moon,CV,,,,,
LavenderTowne,YT,,,,,
Living Big In A Tiny House,YT,,,,,
Call of Duty,CO,,,,,
Illumination,TR,,,,,
DJKhaledVEVO,MU,,,,,
Ben Katz,CV,,,,,
TkyoSam,YT,,,,,
As/Is,YT,,,,,
This Might Get,TM,,,,,
akidearest,CV,,,,,
GameXplain,YT,,,,,
VH1,TM,,,,,
SadeVEVO,MU,,,,,
Matt Stonie,YT,,,,,
Reaction Time,YT,,,,,
Kylie Minogue,MU,,,,,
Roxette Arisa,YT,,,,,
David Seymour,YT,,,,,
AusAntarctic,CV,,,,,
JohnNewmanVEVO,MU,,,,,
Pick Up Limes,YT,,,,,
UEFA.tv,TM,,,,,
BT Sport,TM,,,,,
Carli Bybel,YT,,,,,
K-MUSIC,TM,,,,,
oregon,CO,,,,,
Kitty Hawk,CO,,,,,
Good Mythical MORE,YT,,,,,
American Idol,TM,,,,,
brutalmoose,YT,,,,,
Annapurna Channel,TM,,,,,
Johnny Jansen,CV,,,,,
MalumaVEVO,MU,,,,,
Harper's BAZAAR,TM,,,,,
MTV,TM,,,,,
Gabbie Hanna,YT,,,,,
Kensuke Koike,CV,,,,,
RachhLoves,YT,,,,,
Warped Perception,YT,,,,,
NCAA March Madness,TM,,,,,
Sonic the Hedgehog,TR,,,,,
SELF,CO,,,,,
League of Legends,TR,,,,,
Lenarr Young,YT,,,,,
Talking Kitty Cat,YT,,,,,
GRB rally,YT,,,,,
Keyboard Cat,MU,,,,,
SabrinaCarpenterVEVO,MU,,,,,
Lucas and Marcus,YT,,,,,
BrainfooTV,YT,,,,,
Cimorelli,CV,,,,,
Lindsay Webster,YT,,,,,
To Scale:,YT,,,,,
Bramty Juliette,YT,,,,,
Deep Look,TM,,,,,
G-Eazy,MU,,,,,
CJENMMUSIC Official,YT,,,,,
Wouldn't Change a Thing,CV,,,,,
Charlie Corts,CV,,,,,
Shawn Mendes,MU,,,,,
Unecht Erfunden,CV,,,,,
thataylaa,YT,,,,,
UMF TV,MU,,,,,
JelloApocalypse,YT,,,,,
Impulse,TR,,,,,
Disney On Broadway,TM,,,,,
SHAYTARDS,YT,,,,,
PBS Space Time,TR,,,,,
eLL cartoons,CV,,,,,
FOOD INSIDER,TM,,,,,
KaceyMusgravesVEVO,MU,,,,,
Kim Kardashian West,TM,,,,,
Sidemen,YT,,,,,
TmarTn2,YT,,,,,
Discovery UK,TM,,,,,
FORMULA 1,TM,,,,,
WUSA9,CV,,,,,
GPhase,YT,,,,,
jacksepticeye,YT,,,,,
littlerobotgirl,YT,,,,,
Riverdale,TR,,,,,
CalebCity,YT,,,,,
blayze999,CV,,,,,
ESPN UK,TM,,,,,
Liverpool FC,TM,,,,,
Denitslava Makeup,YT,,,,,
barnabydixon,YT,,,,,
Andre Will Do It,YT,,,,,
The Weeknd,MU,,,,,
NHL,TM,,,,,
Mary Giannone,CV,,,,,
Mike Shinoda,MU,,,,,
Major League Soccer,TM,,,,,
ToriKellyVEVO,MU,,,,,
SodaStream,CO,,,,,
Bleacher Report,TM,,,,,
WaterTower Music,MU,,,,,
Freddie Twenty,YT,,,,,
StarTalk,TM,,,,,
DuckSoss,CV,,,,,
Scotty Kilmer,YT,,,,,
KYLE HANAGAMI,YT,,,,,
Burritoxman,CV,,,,,
ScatterBrain News,YT,,,,,
Kristin Johns,YT,,,,,
Nyma Tang,YT,,,,,
WINNER,MU,,,,,
johnlegendVEVO,MU,,,,,
Sabrina Claudio,MU,,,,,
Coachella,MU,,,,,
TheWeekndVEVO,MU,,,,,
ZaynVEVO,MU,,,,,
FlorenceMachineVEVO,MU,,,,,
Cammie Scott,YT,,,,,
AlishaMarieVlogs,YT,,,,,
Carrie Underwood,MU,,,,,
Alex French Guy Cooking,YT,,,,,
UFC ON FOX,TM,,,,,
DrakeVEVO,MU,,,,,
Gustawny,YT,,,,,
The Game Theorists,YT,,,,,
Global News,TM,,,,,
Mean Girls on Broadway,MU,,,,,
Primitive Survival Tool,YT,,,,,
DIY Perks,YT,,,,,
Mrwhosetheboss,YT,,,,,
DALLMYD,YT,,,,,
Nicki Minaj,MU,,,,,
DaveHax,YT,,,,,
Carter Sharer,YT,,,,,
Britain's Got Talent,TM,,,,,
FOX 17 WXMI,TM,,,,,
ignoramusky,YT,,,,,
JOE.ie,TM,,,,,
AnimalWised,YT,,,,,
Philly D,YT,,,,,
PressTube,YT,,,,,
Tanner Fox,YT,,,,,
Global Road Entertainment,TR,,,,,
iamAURORAVEVO,MU,,,,,
ThatcherJoe,YT,,,,,
FoundFlix,TR,,,,,
GingerPale,YT,,,,,
Matt Bentkowski,CV,,,,,
Prince,MU,,,,,
SomeThingElseYT,YT,,,,,
Billie Eilish,MU,,,,,
Papa Jake,YT,,,,,
DrinkBODYARMOR,CO,,,,,
Steve1989MREInfo,YT,,,,,
BeckyGVEVO,MU,,,,,
ArianaGrandeVevo,MU,,,,,
Bobby Bones,TM,,,,,
Nikki Glamour,YT,,,,,
Dobre Brothers,YT,,,,,
DONG,YT,,,,,
PolyMatter,YT,,,,,
Sister Circle Live,TM,,,,,
googledoodles,TM,,,,,
Rapid Highlights,YT,,,,,
Fortnite,CO,,,,,
Clash Royale,CO,,,,,
Blossom,TM,,,,,
AbrahamMateoVEVO,MU,,,,,
Skip and Shannon: UNDISPUTED,TM,,,,,
WatchMojo.com,YT,,,,,
MamaMiaMakeup,YT,,,,,
FoxStarHindi,TR,,,,,
TWICE JAPAN OFFICIAL YouTube Channel,MU,,,,,
Ariana Grande`,MU,,,,,
Conan Gray,YT,,,,,
Hometalk,YT,,,,,
J. Cole,MU,,,,,
zefrank1,YT,,,,,
H3 Podcast Highlights,YT,,,,,
USA Gymnastics,YT,,,,,
Jess Conte,YT,,,,,
Beth Kobliner,CV,,,,,
BillieEilishVEVO,MU,,,,,
Mercury News,TM,,,,,
Motion Station,TM,,,,,
Mason Ramsey,MU,,,,,
RoadsideFlix,TR,,,,,
Jason Mraz,MU,,,,,
OWN,TM,,,,,
Kanye West - Topic,MU,,,,,
AzzyLand,YT,,,,,
Gordon Ramsay,TM,,,,,
Tim Milgram,YT,,,,,
Kanye West,MU,,,,,
Sam O'Nella Academy,YT,,,,,
The Wendy Williams Show,TM,,,,,
RiceGum,YT,,,,,
Helpful Vancouver Vet,YT,,,,,
acaciacutie,YT,,,,,
BBALLBREAKDOWN,YT,,,,,
CelineDionVEVO,MU,,,,,
AlisonWonderlandVEVO,MU,,,,,
NickiMinajAtVEVO,MU,,,,,
EnriqueIglesiasVEVO,MU,,,,,
Moulin Rouge! the Musical,TR,,,,,
Battle Universe,YT,,,,,
Jess Glynne,MU,,,,,
ChildishGambinoVEVO,MU,,,,,
PewDiePie,YT,,,,,
Christina Aguilera,MU,,,,,
STARZ,YT,,,,,
JuliaMichaelsVEVO,MU,,,,,
Google Developers,CO,,,,,
ABC News (Australia),TM,,,,,
OmarGoshTV,YT,,,,,
Olivia Jade,YT,,,,,
EvanescenceVEVO,MU,,,,,
SnowPatrolVEVO,MU,,,,,
Tiffany Day,YT,,,,,
Gallant,MU,,,,,
johnmayerVEVO,MU,,,,,
Selena Gomez,MU,,,,,
Tesla,CO,,,,,
жќ°еЁЃз€ѕйџіжЁ‚ JVR Music,MU,,,,,
New Amsterdam,TM,,,,,
Manifest,TR,,,,,
Vat19,CO,,,,,
davematthewsbandVEVO,MU,,,,,
TheOdd2sOut,YT,,,,,
MBCentertainment,TM,,,,,
ITV,TM,,,,,
Microsoft Surface,CO,,,,,
BackstreetBoysVEVO,MU,,,,,
FifthHarmonyVEVO,MU,,,,,
miniminter,YT,,,,,
Daddy Yankee,MU,,,,,
Dragonfoxgirl,YT,,,,,
Dan And Shay,YT,,,,,
"Tyler, The Creator",MU,,,,,
BBC Sport,TM,,,,,
John Mayer,MU,,,,,
camelsandfriends,YT,,,,,
Jake Paul,YT,,,,,
NickyJamTV,MU,,,,,
AzealiaBanksVEVO,MU,,,,,
The Sims,CO,,,,,
DidYouKnowGaming?,YT,,,,,
MustardVEVO,MU,,,,,
Eh Bee Family,YT,,,,,
H O N N E,MU,,,,,
weezer,MU,,,,,
SumerianRecords,MU,,,,,
America's Got Talent,TM,,,,,
Erika Costell,YT,,,,,
Gorillaz,MU,,,,,
Clean Bandit,MU,,,,,
The 1975,MU,,,,,
MaggieRogersVEVO,MU,,,,,
Mark Wiens,YT,,,,,
radiodisney,TM,,,,,
A&E,TM,,,,,
bulletvalentineVEVO,MU,,,,,
David Dobrik,YT,,,,,
MNEKVEVO,MU,,,,,
TheInternetVEVO,MU,,,,,
shgurr,YT,,,,,
DreamWorksTV,TR,,,,,
Anthem Game,TR,,,,,
Battlefield,TR,,,,,
EA SPORTS,CO,,,,,
British Vogue,TM,,,,,
gameslice,TR,,,,,
Clash of Clans,CO,,,,,
FamilyFeud,TM,,,,,
Bethesda Softworks,CO,,,,,
Cyberpunk 2077,CO,,,,,
Kingdom Hearts,CO,,,,,
Studio MDHR,CO,,,,,
HALO,CO,,,,,
Ben Kronengold,CV,,,,,
All Def Digital,MU,,,,,
How It Should Have Ended,YT,,,,,
Ubisoft North America,CO,,,,,
CaseyNeistat,YT,,,,,
LastWeekTonight,TM,,,,,
Rudy Mancuso,YT,,,,,
Good Mythical Morning,YT,,,,,
nigahiga,YT,,,,,
iJustine,YT,,,,,